num,platform,strategy_name,hashtag_count,size_mix,placement,example,reasoning,avg_reach_boost
1,instagram,Niche Authority 2025,3-5,"2 micro (500-5K) + 2 mid (50K-200K) + 1 broad (1M+)",in caption,"#InstaSeoTips #ContentStrategy2025 #SocialMediaMarketing #DigitalMarketing #Marketing",Algorithm favors relevance over quantity (Dec 2024 update),45%
2,instagram,Discovery Bridge,3-4,"1 branded + 2 niche + 1 discovery",first line of caption,"#YourBrand #SeoForCreators #InstagramTips #ContentCreators",Front-loaded hashtags get categorized faster,38%
3,instagram,Trending + Evergreen,4-5,"2 trending (this week) + 3 evergreen",in caption,"#Instagram2025 #SocialMediaTrends #SeoTips #ContentMarketing #CreatorEconomy",Mix ensures immediate + long-term discovery,52%
4,instagram,Hyper-Niche Focus,3,"3 ultra-specific (100-2K)",in caption,"#InstagramSeoForPhotographers #ContentStrategyWeddings #SocialMediaForCreatives",Small communities = higher engagement rate,61%
5,instagram,Geographic + Topic,4,"2 location-based + 2 topic",in caption,"#NYCCreators #CaliforniaBusiness #SeoStrategy #ContentMarketing",Local SEO + topic authority combo,43%
6,twitter,Minimal Strategic,1-2,"1 trending or 1 niche",first 50 characters,"#TwitterSEO #ContentStrategy",X algorithm penalizes 3+ hashtags (2025),29%
7,twitter,Trending Hijack,1,"1 currently trending",within first 10 words,"#TrendingTopic relates to your content somehow",Ride algorithmic momentum (24-hour window),67%
8,twitter,Branded Consistency,1,"1 branded hashtag",at end of tweet,"Your content here #YourBrandName",Build searchable brand archive,31%
9,twitter,Event-Based,1-2,"1 event + 1 category",in tweet,"#ConferenceName #Industry insights",Conference attendees search these,54%
10,threads,Cross-Platform Sync,3-4,"Same as Instagram post (if cross-posting)",in thread,"#SocialMediaTips #ContentStrategy #CreatorEconomy",Meta recognizes patterns across platforms,41%
11,threads,Topic Cluster,2-3,"2 main topic + 1 meta category",in thread,"#SEOtips #InstagramGrowth #SocialMedia",Helps algorithm categorize for discovery,36%
12,instagram,Seasonal Smart,4-5,"1 seasonal + 2 evergreen + 2 niche",in caption,"#Holiday2025 #SeoTips #ContentStrategy #InstagramMarketing #SocialMediaTips",Seasonal spike + sustained relevance,48%
13,instagram,Forbidden Techniques AVOID,10-30,"Random popular tags",in comments or 30+ hashtags,"#Love #Instagood #PhotoOfTheDay (x30)",Instagram penalizes this (confirmed Dec 2024),-40%
14,twitter,Thread Category,1,"1 content-type indicator",first tweet only,"🧵 Thread about [topic] #TwitterThreads",Helps categorization + thread discoverability,35%
15,instagram,Save-Focused,3-4,"Tags that indicate utility",in caption,"#SeoChecklist #InstagramGuide #ContentTemplate #SaveThisPost",Users search 'save' type content,57%
16,instagram,Problem-Solution Tags,4-5,"Problem term + solution term",in caption,"#LowEngagement #IncreaseReach #SeoForCreators #InstagramTips #GrowthHacks",Matches search intent patterns,49%
17,twitter,Industry Insider,1-2,"Niche professional tags",in tweet,"#MarketingTwitter #SeoTwitter",Professional communities actively search,44%
18,instagram,Tutorial Format,3-4,"How-to + topic tags",in caption,"#HowToSeo #InstagramTutorial #LearnSeo #ContentTips",Educational content gets boosted,46%
19,threads,Engagement Driver,2-3,"Discussion-focused tags",in thread,"#AskMe #Discuss #Opinion",Threads rewards conversation,39%
20,instagram,Micro-Influencer Mix,3-5,"Community-specific tags",in caption,"#CreatorCommunity #SmallBusinessOwners #SolopreneursOfInstagram #SeoForCreators",Tight communities = higher engagement density,53%
